{"generation": [-1, 0], "best_indiv": [[0.666041282467422, 0.23789986745300512, 0.9405363529856445, 0.5592588966784947, 0.30356430477314034, 0.20678991389805723, 0.3390109084296298, 0.03454308325682609, 0.1852086820496177, 0.29861594042039596, 0.22091947841376502, 0.11735000163764098, 0.3070629636277098, 0.2073093019078437], [0.666041282467422, 0.23789986745300512, 0.9405363529856445, 0.5592588966784947, 0.30356430477314034, 0.20678991389805723, 0.5278712304777, 0.3390109084296298, 0.03454308325682609, 0.1852086820496177, 0.29861594042039596, 0.16121214272951767, 0.22091947841376502, 0.11735000163764098, 0.3070629636277098, 0.2073093019078437, 0.29647699117628146]], "best_fitness": [76.215987696659, 89.69085490450938], "avg_fitness": [-161.2760263777772, 82.72732674309125], "min_fitness": [-890.0198099021741, 76.215987696659], "best_length": [14, 17]}